Experiment,Configuration,Test Accuracy,Test Loss
Hidden Layers,3 Hidden Layers,0.9825000166893005,0.1253129243850708
Neurons,64-32 Neurons,0.9775000214576721,0.11603070050477982
Learning Rate,Learning Rate = 0.01,0.9825000166893005,0.08441179245710373
Batch Size,Batch Size = 64,0.9825000166893005,0.12149016559123993
Epochs,Epochs = 40,0.9825000166893005,0.07560066878795624
Activation Function,Activation = tanh,0.9825000166893005,0.08677823096513748
